first,middle,last
Pat,Clifton,Lloyd
Debora,Allie,Barry
Charles,Bennett,Blackwell
Terrence,Damion,Foley
Timmy,Tucker,Ramsey
Ramona,Julissa,Bond
Myrtle,Amanda,Skinner
Pamela,Miranda,Cobb
Rose,Dawn,McMillan
Rosalind,Elsa,Ford
Cullen,Marion,Buck
Josie,Lexi,Kim
Sophia,Payton,Atkinson
Daniela,Brenda,Pollard
Doris,Tricia,McCarty
Roxanne,Maryann,Ashley
Arabella,Willie,Fuller
Quinn,Doreen,Landry
Cali,Adelaide,Cordova
Kendra,Laila,Molina
Dakota,Marina,Barrera
Adonis,Hank,Robertson
Francesca,Sally,Bush
Delbert,Claude,Pope
Dwight,Maximiliano,Cunningham
Paisley,Sara,Chapman
Stevie,Humberto,Jenkins
Kylie,Colleen,Reyna
Edward,Saul,Truong
Hollis,Blake,Brandt
Wallace,Felix,Jennings
Hayden,Timothy,Owens
Jayda,Marcy,Singleton
Paula,Aaliyah,Harrington
Orlando,Noe,Graves
Felipe,Jonathan,Spencer
Jason,Emiliano,Melton
Alana,Gayle,Bryan
Lincoln,Khalil,Potts
John,Julian,Reyes
Antoine,Jamison,Lambert
Esmeralda,Krystal,Long
Rae,Estella,Joseph
Bradley,Mohammad,Alfaro
Zackery,Reed,Mejía
Kareem,Van,McCoy
Daniella,Tonia,Esquivel
Jaiden,Pierce,Wilcox
Brayden,Delbert,Gross
Jordyn,Fern,Hickman
Dennis,Mauricio,Petersen
Theresa,Raven,Mayer
Braeden,Garret,Bishop
Brendon,Issac,Flowers
Brady,Rodger,White
Jaxon,Ervin,Walker
Thomas,Bernard,Anthony
Patricia,Miriam,Hernández
Cesar,Blaine,Berry
Terence,Perry,Livingston
Greg,Will,Schultz
Winifred,Karla,Díaz
Caitlin,Hattie,Owen
Maritza,Isabelle,Elliott
Bernard,Dewey,Roberson
Lee,Elbert,Pitts
Jean,Vaughn,Mathews
Diane,Leticia,Hanna
Eliza,Juliet,Peterson
Ronan,Morris,Ballard
Sheri,Laurel,Butler
Dorothy,Angelique,Strickland
Thaddeus,Rory,Summers
Conrad,Braden,Dyer
Todd,Kelvin,Padilla
Theodore,Roosevelt,Yang
Patrice,Hannah,Wyatt
Faye,Angelia,Flores
Pedro,Payton,Greer
Hunter,Jackson,Pearson
Allie,Serenity,Kane
Charles,Lucas,Gutiérrez
Lynette,Michelle,Hanson
Courtney,Marilyn,Ortiz
Gerry,Lance,Wade
Alphonso,Ahmad,Drake
Sergio,Brendon,Tang
Louie,Roland,Russo
Izaiah,Nolan,Nolan
Pam,Caroline,Beck
Kermit,Carl,Page
Javon,Erick,Roman
Juliette,Lea,Mueller
Virginia,Lila,Alvarado
Bettie,Araceli,Gaines
Hilda,Riley,McLaughlin
Chadwick,Israel,Rosas
Jarred,Shawn,Ruiz
Cary,Israel,Murphy
Madilyn,Jessica,Stark
Christi,Lou,Hobbs
Makenna,Ada,McDaniel
Matt,Clark,Frye
Caroline,Mallory,Jacobs
Alfonso,Frank,Bruce
Ciara,Kathryn,Abbott
Rene,Mathew,Mercado
Nadia,Lenora,Vo
Eric,Justice,Hunt
Christie,Sally,Phan
Sylvester,Atlas,Lindsey
Lynn,Tracie,Morse
Daniela,Juliet,Dickson
Silas,Tomas,Hardin
Nikolas,Christopher,Gray
Darryl,Keenan,Christensen
Georgia,Julia,Schmidt
Travis,Jonathon,Hinton
Cassidy,Jocelyn,Yates
Anton,Guy,Walsh
Grover,Demarcus,Vaughan
Millie,Charlene,Rivas
Reece,Brad,Gilmore
Isaiah,Seth,Vega
Nash,Cesar,Estrada
Miranda,Ingrid,Shaffer
Daniela,Esmeralda,Valenzuela
Adan,Vicente,Walton
Gale,Ann,Pace
Ariel,Kade,McLean
Willow,Pauline,Zúñiga
Steve,Guy,Benjamin
Katherine,Makayla,Harvey
Vicki,Mandy,Odom
Mya,Genevieve,Velázquez
Sharon,Nikki,Parker
Bailey,Jeremiah,Reynolds
Ezekiel,Jorge,Lane
Kurt,John,Sanchez
Clare,Nettie,Reed
Ariel,Cameron,Hall
Daxton,Tristan,Santiago
Katie,Darcy,McClain
Francis,Dalton,Wang
Brody,Bailey,Herring
Jessica,Christina,Dougherty
Kiera,Eve,Gillespie
Anne,Beth,Harper
Bonnie,Kyleigh,Glass
Marisol,Skye,Hopkins
Trenton,Theodore,Villa
Eliana,Fatima,Porter
Jimmie,Payton,Lu
Olga,Paola,Fitzgerald
Jana,Denise,Waller
Rodolfo,Grayson,Mullins
Jennie,Maeve,Cortez
Erin,Adelyn,Koch
Sonja,Sidney,Stewart
Nathalie,Leilani,Case
Rickie,Teddy,Whitaker
Ayla,Adrianna,Lester
Keegan,Glen,Sosa
Collin,Gregory,Sweeney
Evangeline,Whitney,Boyle
Jasmin,Janelle,Glenn
Ella,Emilie,Fowler
Weston,Archie,Savage
Priscilla,Adelyn,Navarro
Marlene,Brooklynn,Douglas
Leanne,Jeanette,Hale
Gretchen,Dixie,Farmer
Harvey,Alfred,Gonzales
Isabelle,Marisa,Branch
Destiny,Carly,Clarke
Peter,Sage,Hail
Cassidy,Jennifer,Carr
Cameron,Ellen,Singh
Alondra,Kari,Calhoun
Tammie,Lara,Arroyo
Hugo,Devin,Norman
Winifred,Jill,Harrell
Bart,Loren,Mann
Joyce,Casey,McBride
Edna,Allyson,Pennington
Yvette,Avery,Castro
Tiffany,Zoe,Vaughn
Alison,Devon,Haynes
Theresa,Myrna,Parra
Gerald,Wiley,Woodard
Emilie,Jenny,Peralta
Ava,Paulette,Spears
Jax,Jean,Phelps
Minnie,Mamie,Hawkins
Nathaniel,Ignacio,Hudson
Rufus,Atticus,Dennis
Fannie,Irma,Ayala
Iris,Bailey,Knight
Marguerite,Eileen,Cameron
Sullivan,Hugh,Ward
Tracey,Whitney,Robinson
Nevaeh,Simone,Hogan
Ricardo,Jamari,Rich
Ricky,Darius,Bautista
Zackery,Robert,Enríquez
Lee,Skylar,Decker
Etta,Shanna,Mason
Opal,Madeleine,Villalobos
Doyle,Rolando,Person
Leon,Denny,Knapp
Terry,Ernesto,Rogers
Diamond,Adeline,Fernandez
Judy,Rochelle,Bean
Kamryn,Julie,Bravo
Carlton,Roberto,Barron
Kendra,Janis,Craig
Stevie,Kash,Acevedo
Shawna,Emilee,Morrison
Woodrow,Liam,Clements
Rylee,Tracy,Tanner
Marla,Charity,Juárez
Morris,Wilbur,Huerta
Sullivan,Blaine,Hester
Leland,Nick,Roberts
Edmund,Shawn,Rivers
Lucinda,Chris,Williams
Nevaeh,Amanda,Lang
Selena,Tracy,Cohen
Jill,Sarah,Correa
Colten,Damien,Marsh
Ida,Doreen,Schwartz
Eloise,Glenna,Duke
Cyrus,Ulysses,Hampton
Anne,Janine,Holloway
Monica,Vera,King
Ashlynn,Glenda,Young
Monique,Kiana,Lawrence
Jaxon,Dominick,Spence
Vicki,Selena,Ryan
Tara,Dale,Lowe
Bobbie,Mae,Brown
Joel,Carmen,Peters
Conner,Boyd,Gibbs
Sherrie,Tracey,Sloan
Jennie,Madilyn,Newman
Sheri,Sondra,Barnes
London,Mary,Rosales
Moises,Darrel,Cox
Aniyah,Zoe,James
Darrel,Raymond,Márquez
Romeo,Esteban,Chavez
Reese,Willis,Rollins
Moises,Cyrus,Cuevas
Mitchel,Bradford,McKay
Collin,Murray,Hardy
Pat,Desiree,Barnett
Carla,Valerie,Escobar
Royce,Andrew,Haley
Shelley,Allyson,Quintana
Kim,Sharon,Garcia
Michael,Casey,Beasley
James,Denny,Cannon
Jennie,Natalia,Ross
Imani,Hattie,Williamson
Rachael,Paisley,Holt
Cash,Jaime,Rush
Marissa,Aliyah,Lowery
Bernadette,Imani,Lara
Arnold,Clayton,Boone
Blanche,Chelsey,Fletcher
Noemi,Isabel,Waters
Hayden,Esmeralda,Hamilton
Jan,Caiden,Friedman
Deana,Blanche,Franklin
Santiago,Armando,Hartman
Kory,Nick,Martínez
Mia,Joanne,Dunn
Ruthie,Cameron,Poole
Hayes,Andy,Brooks
Sam,Denny,Marin
Rebekah,Desiree,Underwood
Anne,Ashton,Stout
Kimberly,Camryn,Watkins
Philip,Derick,Little
Lindsey,Mabel,Duncan
Cooper,Clay,Keith
Kyleigh,Dominique,Barker
Donnell,Patrick,Brady
Dorian,Kenneth,Richards
Maximiliano,Colin,Stuart
Brynn,Ashton,Rasmussen
Elaine,Parker,Browning
Garrett,Jordan,Osborne
Cora,Sarah,Malone
Hilary,Roxanne,Leon
Ariana,Kristie,Sherman
Jordyn,Jasmine,Lim
Greg,Cary,Serrano
Marcus,Glenn,Davis
Amelia,Elaine,Crawford
Johnnie,Sonja,Stokes
Nathalie,Gertrude,Doyle
Norris,Dewey,Townsend
Shanna,Mariah,Moss
Ashlynn,Meredith,Conway
Ismael,Braden,Donaldson
Rodrigo,Edward,Frazier
Maeve,Aileen,Lozano
Deloris,Marcella,Moyer
Anastasia,Valeria,Morton
Guy,Trevon,Clayton
Terri,Joan,Norton
Howard,Neil,Arias
Kory,Harry,Clay
Malik,Kurtis,Adkins
Lyric,Kristina,Goodwin
Esther,Callie,Contreras
Matias,Edward,Moran
Walker,Stacey,O'Neal
Finley,Valeria,Armstrong
Roderick,Mike,Richardson
Traci,Verna,Henry
Ryker,Emory,Brewer
Tristan,Ernest,Richard
Tanya,Melanie,Kent
Angela,Helene,Ibarra
Rylee,Serena,Rhodes
Robert,Ned,Gallegos
Paola,Elsa,Berg
Harrison,Camden,Aguilar
William,Bernard,Cantú
Carolyn,Amie,Schneider
Lamar,Ricardo,Montes
Christopher,Hubert,Galván
Ada,Jeannie,Smith
Lucinda,Athena,Keller
Julie,Carol,Sawyer
Sydney,Renee,Charles
Marie,Kaitlyn,Bernal
Kathleen,Alexa,Sparks
Quintin,Jakob,Rowe
Vance,Dion,Sharp
Dakota,Candy,Wagner
Casey,Tommie,Cole
Landon,Carroll,Baldwin
Sue,Paris,Calderón
Willie,Phyllis,Pineda
Margarita,Adrienne,Costa
Ramon,Toby,Price
Alejandra,Victoria,Avalos
Irvin,Carroll,Mills
Cynthia,Kelsie,Reid
Arlene,Shawn,Espinosa
Kendall,Harley,Cooper
Phyllis,Edith,Banks
Irvin,Emmanuel,Tran
Ismael,Mohamed,Davidson
Rosetta,Willie,Chan
Kyler,Johnathan,Caldwell
Nova,Skylar,Washington
Kaylie,Carrie,Swanson
Alphonso,Daxton,Short
Emerson,Gerald,Murray
Pierce,Chandler,Goodman
Noelle,Ronda,Snyder
Luna,Leanna,Lewis
Phoenix,Cornelius,Orr
Jeremiah,Messiah,Gardner
Lane,Glen,Erickson
Tracie,Ainsley,Donovan
Bert,Jake,Hicks
Stephan,Wyatt,Baxter
Max,Roger,Harrison
Jackie,Perry,Black
Roberta,Hope,Miller
Diamond,Raven,Guevara
Jodi,Estella,Gallagher
Linda,Sheryl,Kelly
Harley,Chadwick,Best
Arielle,Maria,Sellers
Genesis,Arabella,Ortega
Angelo,Harold,Kennedy
Sylvia,Christina,Dorsey
Catalina,Yvette,George
Jodi,Tabitha,Delgado
Jackie,Keisha,Lynn
Gael,Vincent,Glover
Joyce,Bettie,Medina
Iker,Will,Hendrix
Crystal,Carissa,Davila
Teri,Deloris,Garza
Rhett,Lynn,Adams
Leilani,Asia,Booth
Waylon,Fernando,Henderson
Jim,Albert,Bass
Clyde,Gabriel,Cruz
Laila,Alexandra,Barber
Emery,Marcia,Newton
Yolanda,Amy,Moon
Kristie,Kelley,Travis
Kobe,Jose,Harris
Omar,Pierce,Mack
Rylee,Veronica,Zamora
Eden,Paige,McCormick
Diamond,Naomi,Pittman
Claudia,Hazel,Ponce
Stefanie,Charlotte,Dodson
Aimee,Faye,Gregory
Axel,Mario,Phillips
Ana,Brittany,Ball
Susanne,Dana,Bauer
Ryder,Ned,Horne
Maximiliano,Joaquin,David
Shannon,Gail,Jensen
Zachery,Rowan,Bradshaw
Jackson,Mitchel,Kaur
Ivan,Mack,Dillon
Tate,Saul,Frederick
Irwin,Emil,Moody
Myrtle,Lily,Trujillo
Crystal,Savanna,Jackson
Wilbert,Pierre,Villegas
Christopher,Wilbur,Ingram
Madelyn,Alexandria,Nash
Marissa,Lila,Manning
Sheldon,Skylar,Miles
Sherman,Joel,Wood
Kelvin,Leroy,Morris
Jazmine,Brianna,Meza
Rachael,Katelyn,Li
Peggy,Kari,Lucas
Lori,Sondra,Terry
Rochelle,Valentina,Steele
Sienna,Myrtle,Potter
Eric,Trent,Garrett
King,Franklin,Gonzalez
Clark,Bryce,Meyer
Derrick,Ted,Lyons
Julien,Mike,Shepard
Randall,Nash,Hood
Walter,Angelo,Hoffman
Elsie,Imogene,Shah
Rachael,Marla,Compton
Elton,Luciano,Dalton
Perry,Jan,Brock
Tyler,Lyle,Mora
Cullen,Evan,Wilkinson
Aliyah,Marcia,Rose
Alicia,Lacy,Benítez
Sherman,Josue,Huffman
Melisa,Candice,Meyers
Evangeline,Kiana,Nava
Bryon,Adolfo,Fuentes
Gerard,Bennett,Shaw
Nick,Harry,Maldonado
Lea,Victoria,Bridges
Muhammad,Laurence,Sampson
Harrison,Dean,Cisneros
Elsa,Traci,Cabrera
Makenna,Myrna,Francis
Cassie,Lynette,Howard
Brock,Kaiden,Simmons
Norbert,Braeden,Collier
Sharon,Dianna,Vu
Tommie,Theo,Chang
Deanna,Geraldine,Sullivan
Beckham,Lorenzo,Romero
Edith,Laila,Cardenas
Bret,Dillon,Kramer
Laverne,Shelley,Delacruz
Julianne,Kylee,Robbins
Alphonso,Lane,Castillo
Ava,Piper,Cano
Ronan,Mathew,Hughes
Victor,Hayden,Neal
Camille,Dolores,Mayo
Tammie,June,Finley
Ericka,Erma,Richmond
Adriana,Angel,Larsen
Antonia,Teri,Morrow
Katrina,Joni,Huff
Jefferson,Grover,Patel
Lynne,Macy,López
Ariel,David,Simon
Kendall,Mohammad,Flynn
Rory,Patrick,Baker
Heidi,Tracy,Nelson
Mariana,Leann,Miranda
Rhonda,Kimberley,Muñoz
Reese,Maeve,Parsons
Carrie,Ashlynn,Ventura
Kimberly,Amaya,Yoder
Cynthia,Shawna,Murillo
Eden,Brenna,Powell
Tracie,Noelle,Khan
Greg,Daryl,Salazar
Noemi,Harley,Reese
Naomi,Camryn,O'Connor
Arianna,Dena,Harding
Ernesto,Lorenzo,McMahon
Jefferson,Jason,Hancock
Jerome,Bernard,Stone
Talia,Jenifer,Daniel
Francesca,Kathleen,Benton
Scott,Forrest,McCall
Stefan,Moshe,O'Connell
Lana,Angelique,Wiggins
Susie,Marion,McCarthy
Roy,Israel,Sanford
Clare,Danielle,Shannon
Kelsey,Brynn,O'Brien
Edgar,Agustin,Villanueva
Etta,Bette,Powers
Bridget,Mattie,Thomas
Jeremy,Gianni,Bates
Kaitlin,Kimberly,Salgado
Merlin,Milo,Perkins
Perla,Paola,Fox
Rickie,Perry,Terrell
Jackie,Tia,Thompson
Demetrius,Kirby,Becker
Scot,Dwight,Zavala
Markus,Freddie,Bentley
Beau,Rafael,Sutton
Jaiden,Damien,Stevenson
Charlie,Kiley,Patrick
Clara,Valerie,Buckley
Tabatha,Ellie,Hansen
Mercedes,Maryann,Wall
Kathryn,Ainsley,Sanders
Hope,Jenny,Ali
Jay,Brendan,Morgan
Thelma,Sheri,Kirk
Hillary,Josie,Rojas
Natalie,Rylee,Reilly
Ramon,Craig,Gill
Nehemiah,Maximilian,Guzmán
Reese,Ashton,Ramos
Donny,Jan,McClure
Cathleen,Myrna,Blake
Dominique,Messiah,Nichols
Chelsea,Tatum,Howell
Gerald,Tom,Rios
Frank,Felix,Barton
Darrell,Gerry,Alexander
Sammy,Nikolas,Woodward
Frederick,Zayden,Salas
Marina,Reese,Herman
Doris,Harriet,Houston
Margaret,Joy,Hayes
Laila,Colleen,Patterson
Geneva,Tiffany,Wolf
Rick,Bryan,Parrish
Harmony,Marcy,Edwards
Baylee,Mable,Peck
Albert,Fred,Lugo
Thaddeus,Ivan,Pham
Emma,Corinne,Dean
Julianne,Tanya,Campbell
Hal,Dave,Walters
Walker,Shannon,Grant
Jessie,Sonya,Archer
Jo,Shayla,McFarland
Katharine,Violet,Vance
Irvin,Lawson,Oliver
Xavier,Kenneth,Burgess
Jeff,Terence,Boyer
Clarissa,Teagan,Holland
Peyton,Abraham,Fleming
Jaden,Roy,Schmitt
Kylie,Holly,Chen
Mae,Alyson,West
Jefferson,Alijah,Blankenship
Monica,Muriel,Gomez
Johnny,Maxwell,Parks
Liliana,Liliana,Mullen
Houston,Tom,McDonald
Adalynn,Janet,Hodges
Gerard,Morris,Higgins
Irvin,Kory,Christian
Alejandra,Lillian,Stanley
Beulah,Ayla,Martin
Susana,Natasha,Nielsen
Devon,Eli,Bartlett
Colin,Guy,Ellison
Leon,Hayden,Ochoa
Alyssa,Everly,Macias
Diamond,Judith,Randall
Clara,Gabriella,Hill
Brooklynn,Joann,Boyd
Paxton,Loyd,Burke
Everly,Cali,Noble
Kaylee,Robbie,Hensley
Major,Brandon,McCullough
Jayden,Edmund,Hahn
Kara,Stephanie,Burns
Toby,Brent,Fields
Araceli,Jada,Meléndez
Desiree,Ladonna,Wilkins
Jimmie,Marty,MacDonald
Madelyn,Chris,Moore
Chandler,Kim,Bryant
Antoinette,Hilary,Campos
Claudia,Dorothy,Lawson
Tanisha,Keira,Yu
Roy,Steven,McPherson
Laura,Janine,Soto
Micheal,Corbin,Jordan
Ramona,Daphne,Monroe
Tracy,Ernest,Conley
Ashley,Edgar,Warren
Tina,Jada,Acosta
Karin,Tessa,Strong
Kay,Rylie,Wiley
Theresa,Dina,Mata
Kristie,Dianne,Grimes
Kira,Lara,Novak
Lana,Daniela,Conner
Sterling,Marlon,Jarvis
Meghan,Charlotte,Rivera
Brooklynn,Robyn,Delarosa
Shane,Sebastian,Simpson
Santos,Kyrie,Fitzpatrick
Tommy,Rene,Palmer
Joey,Jamari,Taylor
Asher,Derick,Orozco
Shawna,Joan,Carter
Kathryn,Lauren,Dudley
Clifton,Taylor,Booker
Aldo,Carlo,Andrade
Ronnie,Bradford,Maynard
Rebecca,Londyn,Hammond
Eunice,Shelley,Welch
Howard,Mickey,Wilkerson
Jean,Beckett,Avery
Markus,Henry,Matthews
Jade,Britney,Clark
Louise,Kay,Coffey
Joshua,Phoenix,Harmon
Kane,Fabian,Faulkner
Debbie,Blanche,Benson
Francis,Terrence,Willis
Shana,Edith,Nguyễn
Andy,Patrick,Church
Brian,Griffin,Warner
Francesca,Antonia,Hubbard
Alondra,Larissa,Stanton
Allie,Marley,Crosby
Leilani,Tracy,Humphrey
Omar,Lamont,Walls
Bruno,Quinton,Payne
Devon,Kathy,Mahoney
Vicki,Janet,Lucero
Mamie,Ashlee,Casey
Lucille,Tori,Cherry
Parker,Zoe,Weeks
Alyson,Mercedes,Hoover
Jada,Gemma,Leal
Quinton,Scott,Silva
Priscilla,Deana,Fry
River,Kory,Tucker
Hayley,Billie,Hendricks
Jayden,Santos,Whitney
Gertrude,Kailey,Merritt
Maritza,Marisa,Fisher
Bradley,Jamal,Peña
Shelia,Addison,O'Neill
Edwin,Judah,Russell
Genevieve,Glenna,Quinn
Reuben,Wilbert,Cross
Sandy,Julia,Cortés
Sophie,Tiara,Weiss
Gerry,Rashad,Barr
Skylar,Maximilian,Rubio
Josh,Eugene,Graham
Mickey,Graham,Turner
Kendall,Issac,Webb
Verna,Terrie,Chandler
Becky,Kate,Krueger
Dwight,Santiago,Bradley
Gustavo,Alden,Dickerson
Jax,Greyson,House
Maritza,Jewel,Barajas
Delia,Sylvia,Rodríguez
Ashton,Pat,Duarte
Hunter,Bradford,Torres
Dakota,Ace,Webster
Ronald,Dustin,Farrell
Leanna,Elaina,Dominguez
Ervin,Johan,May
Breanna,Ladonna,Stafford
Lela,Gina,Briggs
Ramiro,Conrad,Combs
Winifred,Teresa,Stephenson
Leonard,Orville,Duffy
Lola,Mia,Montgomery
Lincoln,Al,Lam
Sammie,Elijah,Luna
Edmond,Brennan,Paul
Dena,Kerri,Freeman
Juliana,Mamie,Palacios
Brynn,Miranda,Vincent
Caitlin,Hillary,Dunlap
Curtis,Asa,Cain
Lincoln,Jerald,Moses
Jazmin,Jill,Schroeder
Darren,Kolton,Vargas
Luz,Rosalind,Wells
Essie,Morgan,Beard
Rodrigo,Ruben,Levy
Nora,Jamie,Eaton
Frank,Blair,Heath
Laurie,Jolene,Duran
Aliyah,Juliette,Castañeda
Samuel,Jared,Chambers
Chadwick,Earl,Daniels
Mallory,Kaylee,Moreno
Cristian,Clarence,Mays
Helena,Mara,Copeland
Trent,Everett,Woods
Aubrey,Ruth,Maddox
Candice,Deborah,Kelley
Daphne,Lillian,Massey
Maryann,Lilly,Burton
Bianca,Alana,Day
Christina,Audra,Aguirre
Alyssa,Natasha,Wallace
Cassie,Kyleigh,Rice
Marvin,Houston,Vázquez
Sullivan,Ty,McGee
Freddie,Wyatt,Larson
Shawn,Gage,Blair
Sidney,Asher,Huber
Sherri,Brenda,Winters
Serenity,Ada,Nixon
Cedric,Kieran,Hebert
Kurtis,Travis,Magaña
Andre,Marion,Gibson
Anne,Dawn,Vélez
Trey,Holden,Cummings
Annette,Jazmine,Berger
Eduardo,Nathaniel,Kerr
Derek,Dwayne,Preston
Janelle,Susanne,Portillo
Gianni,Isaiah,Ray
Susana,Raquel,York
Gael,Brayden,Crane
Judah,Andre,Kemp
Michael,Braden,Hull
Lou,Kaylin,Blanchard
Malcolm,Moises,Mathis
Grace,Kelsie,Ayers
Miracle,Miriam,Kline
Ray,Cameron,Cervantes
Myles,Morgan,Sierra
Janis,Mila,Suárez
Leon,Shannon,Gilbert
Julianne,Paula,Howe
Lola,Debra,Garner
Carol,Lillian,Colón
Corbin,Wesley,Vasquez
Sidney,Gregory,Beltrán
Thelma,Carissa,Sandoval
Katie,Skyler,Hurley
Debora,Pauline,Davenport
Kimberley,Maya,Shields
Lynn,Polly,Wolfe
Deana,Haylee,Madden
Reba,Marguerite,Trejo
Beau,Landen,Guerrero
Devin,Jefferson,McIntyre
Camila,Brooklyn,Garrison
Joan,Essie,Avila
Matthew,Curt,Chase
Kristen,Natasha,Liu
Tabatha,Reba,Bernard
Pierre,Pierre,Hutchinson
Hilary,Jade,DeLeon
Ernestine,Paige,Lynch
Donny,Lynn,Solomon
Eliana,Brenna,Bradford
Brianne,Kayleigh,Kirby
Charity,Amira,Weber
Kevin,Deshawn,McKinney
Santiago,Maximilian,Love
Janine,Lindsey,Johnston
Clifford,Kenneth,Galindo
Jolene,Selena,LeBlanc
Galen,Braxton,Guerra
Saul,Kobe,Watts
Sophia,Loretta,Patton
Leo,Jessie,Roy
Aria,Skye,Cantrell
Yasmin,Misty,Xiong
Rylee,Maxine,Blevins
Cooper,Tommie,Huynh
Devon,Aubree,Valentine
Antoinette,Nettie,Sexton
Rocco,Salvatore,Allison
Boyd,Payton,Michael
Van,Tomas,Shepherd
Chloe,Ryan,Burch
Kristen,Nichole,Rangel
Doris,Kenzie,Stein
Debbie,Belinda,Bennett
Mila,Allison,Wheeler
Elias,Karter,Golden
Delilah,Luna,Hunter
Jayson,Terence,French
Phillip,Manuel,Scott
Cora,Anne,Pratt
Lloyd,Nickolas,Holmes
Jay,Legend,Horn
Patty,Trina,Gould
Katy,Kira,Medrano
Denny,Stephen,Conrad
Alton,Benjamin,Jaramillo
Vanessa,Melody,Snow
Richard,Nikolas,Myers
Patty,Jeannine,Hess
Bernard,Abram,Greene
Grover,Wilbur,Prince
Luis,Royal,Nicholson
Caroline,Madeline,Ho
Abel,Jody,Wu
Orville,Casey,Burnett
Phyllis,Mona,Blackburn
Carmen,Madilyn,Hart
Ronda,Harley,Salinas
Brenton,Gerald,O'Donnell
Bennie,Cash,Velásquez
Benny,Stacey,Jacobson
Jayla,Janette,Giles
Dianne,Mandy,Andrews
Joni,Jacquelyn,Jones
Kylie,Mckenzie,Knox
Aaron,Matthew,Hodge
Gregory,Abraham,Hayden
Aiden,Virgil,Rocha
Rachelle,Randi,Johns
Darius,Collin,Villarreal
Harper,Kassandra,Vang
Ronan,Kendall,Cline
Ronda,Jayda,Foster
Cierra,Karen,Chung
Delbert,Tracy,Henson
Louie,Dwayne,Roth
Antonio,Christian,Bowen
Mike,Aden,Buchanan
Isaac,Brent,Mitchell
Beulah,Kristi,Allen
Joaquin,Will,McKee
Lane,Jayson,Randolph
Jolene,Josie,Arnold
Zander,Daniel,Stevens
Marissa,Marissa,Ramírez
Joy,Dawn,Bender
Emil,Royal,Carpenter
Davion,Garrett,Maxwell
Jonathan,Bailey,Meadows
Zayden,Damian,Zimmerman
Timmy,Lincoln,Park
Bert,Herman,Pacheco
Patsy,Sonia,Choi
Chadwick,Ian,Klein
Willow,Amanda,Carson
Kristi,Marlene,Frank
Mack,Agustin,Marshall
Ashton,Tamara,Morales
Isabel,Eula,Zhang
Leann,Bryanna,Gates
Angeline,Kiera,Herrera
Tracy,Johnny,Proctor
Kendall,Rowan,McGuire
Delaney,Trudy,Quintero
Elisha,Roberto,Andersen
Carole,Anita,Cook
Kayleigh,Meagan,Middleton
Messiah,Ari,Anderson
Gretchen,Evelyn,Olson
Kellen,Jefferson,Green
Delilah,Dora,Camacho
Neil,Matteo,Dawson
Ignacio,Dennis,Ferguson
Kristian,Alfonso,Roach
Kurtis,Aidan,Riley
Meagan,Henrietta,Durham
Bryson,Ted,Evans
Lucia,Sandra,Pugh
Eliza,Norah,Leonard
Stevie,Matthew,Hurst
Raul,Jim,Ahmed
Trudy,Stacey,Rosario
Tina,Amber,Bowman
Iker,Kameron,McDowell
Martha,Peyton,Carlson
Lila,Nicole,Walter
Colton,Finley,Hines
Jaden,Irvin,Huang
Guy,Roscoe,Daugherty
April,Joyce,Esparza
Roman,Norris,Felix
Tristan,Clifford,Sims
Bailey,Kirsten,Pierce
Clint,Humberto,Méndez
Alayna,Bonnie,Santana
Jose,Rudolph,Mosley
Chadwick,Darian,Lin
Matthew,Everett,Marks
Caden,Dana,Franco
Timothy,Milo,Frost
Ruby,Fatima,Leach
Samara,Brooklyn,Bell
Dianne,Frances,Olsen
Lula,Abigail,Reeves
Kristi,Yesenia,Johnson
Wilma,Johnnie,Sheppard
Brooke,Christie,McCann
Mohamed,Salvatore,Treviño
Hugh,Earl,Watson
Homer,Mohammed,Santos
Cali,Marley,Wright
Mandy,Gabriella,Whitehead
Lowell,Rodrigo,Tyler
Deandre,Timmy,Rodgers
Laurie,Antoinette,Fischer
Bill,Lloyd,Horton
Camryn,Betty,Alvarez
Rosa,Becky,Carrillo
Brett,Andres,Farley
Bryanna,Susanne,Beil
Phoenix,Joshua,Norris
Dawson,Andres,Pruitt
Alonzo,Jordan,Nuñez
Angela,Laura,Wilson
Dean,Ahmed,Figueroa
Payton,Garland,Carey
Judah,Alberto,Solís
Faye,Rachelle,Wong
Alyson,Jean,Dixon
Kris,Mason,Schaefer
Damion,Cyrus,Rowland
Muhammad,Ty,Tapia
Marian,Everly,McIntosh
Braeden,Ian,Wise
Angelina,Della,Good
Mitchel,Kristian,Floyd
Phoebe,Daisy,Corona
Marsha,Matilda,Valdez
Victor,Elvin,Cochran
Mackenzie,Carmen,Everett
Cora,Brittney,McKenzie
Gabriella,Addie,Arellano
Helen,Keri,Stephens
Ernestine,Ximena,DeJesus
Jarrod,Carlos,Ware
Zoey,Sophie,Saunders
Will,Sam,Callahan
Jocelyn,Giselle,Bowers
Wiley,Cooper,Collins
Opal,Danna,Valencia
Ariel,Hector,Lamb
Abigail,Fannie,Raymond
Lee,Mildred,English
Kason,Larry,Austin
Moshe,Avery,Pérez
Norah,Savannah,Barrett
Dakota,Gerard,Todd
Francine,Carrie,Gordon
Jenny,Bettie,Le
Peter,Thomas,Estes
Deana,Kerry,Weaver
Cameron,Tanisha,Robles
Lacy,Georgia,Gentry
Lynn,Trevor,Griffith
Max,Zackery,Logan
Denny,Damian,Shelton
Nola,Antoinette,Bullock
Quintin,Ricardo,Curtis
Nayeli,Dina,Atkins
Conrad,Gustavo,Ellis
Bessie,Crystal,Bonilla
Eddy,Dewey,McConnell
Tatiana,Shelly,Jiménez
Malakai,Kyrie,Thornton
Belinda,Karla,Mendoza
Sylvia,Lindsey,Montoya
Alvaro,Raymond,Byrd
Lisa,Karissa,Carroll
Georgia,Meredith,Tate
Adrian,King,Griffin
Eliza,Cecilia,Jefferson
Deanna,Kerry,Lee
Anna,Ruth,Brennan
Kathryn,Alondra,Bailey
Marion,Beckett,Coleman
Macie,Cheyenne,Espinoza
Carolina,Gemma,Small
Quincy,Parker,Curry
Monica,Jenny,Perry
